{"shape": [27, 10], "data": [1.5673619508743286, -0.2372923195362091, -0.027384605258703232, -1.100779414176941, 0.2858814597129822, -0.029643338173627853, -1.547059178352356, 0.6048919558525085, 0.0791362002491951, 0.9046238660812378, -0.4712531864643097, 0.7868220210075378, -0.32843494415283203, -0.43297016620635986, 1.372930884361267, 2.9333672523498535, 1.561784267425537, -1.6260507106781006, 0.677162230014801, -0.8403948545455933, 0.9848796725273132, -0.14837250113487244, -1.4795262813568115, 0.44830015301704407, -0.07072983682155609, 2.4967896938323975, 2.444791793823242, -0.6700625419616699, -1.2198841571807861, 0.30314409732818604, -1.0725021362304688, 0.7276178002357483, 0.05111394077539444, 1.309485912322998, -0.8021991848945618, -0.8504244685173035, -1.8067610263824463, 1.2523078918457031, -1.2255810499191284, 1.2164969444274902, -0.9647807478904724, -0.23210863769054413, -0.3476170599460602, 0.3324427902698517, -1.3262643814086914, 1.1224371194839478, 0.5964093804359436, 0.45845651626586914, 0.054010938853025436, -1.7400306463241577, 0.11559642851352692, 0.8031929135322571, 0.5410798192024231, -1.1646243333816528, 0.14756156504154205, -1.0006153583526611, 0.38011646270751953, 0.4732840359210968, -0.9102707505226135, -0.7830496430397034, 0.13505524396896362, -0.21160592138767242, -1.0405985116958618, -1.5367215871810913, 0.9374262690544128, -0.8830345273017883, 1.745694637298584, 2.1346139907836914, -0.8561445474624634, 0.5408160090446472, 0.6168996691703796, 1.5159580707550049, -1.0447320938110352, -0.6641396284103394, -0.7239009141921997, 1.7507048845291138, 0.17530231177806854, 0.9927966594696045, -0.6278737187385559, 0.07702291756868362, -1.1640658378601074, 1.2472796440124512, -0.2706054151058197, -1.3635324239730835, 1.3065752983093262, 0.3230685293674469, 1.0357621908187866, -0.862492561340332, -1.2575125694274902, 0.9417989253997803, -1.3256750106811523, 0.14669643342494965, 0.1691337674856186, -1.5396591424942017, -0.7275874614715576, 1.1490541696548462, -0.8746175169944763, -0.29770681262016296, -1.3706518411636353, 0.11499851942062378, -1.0188171863555908, -0.8377675414085388, -2.1056742668151855, -0.2604387104511261, -1.714870810508728, -0.33787330985069275, -1.8262721300125122, -0.8389687538146973, -1.5722687244415283, 0.45795297622680664, -0.5653309226036072, 0.542813241481781, 0.17549338936805725, -2.2901439666748047, -0.7092764973640442, -0.29283446073532104, -2.180312156677246, 0.07931055873632431, 0.9018704891204834, 1.2027945518493652, -0.5614364743232727, -0.1375267058610916, -0.13798850774765015, -2.0976502895355225, -0.7923803925514221, 0.6068918108940125, -1.477674126625061, -0.5102899670600891, 0.564214825630188, 0.9683837890625, -0.3111408054828644, -0.30602651834487915, -1.7495094537734985, -1.633530616760254, 0.38760754466056824, 0.4723603427410126, 1.4829586744308472, 0.3174806535243988, 1.058820128440857, 2.3981854915618896, 0.46826571226119995, -0.656498908996582, 0.6166205406188965, -0.6219748854637146, 0.5100740194320679, 1.3562920093536377, 0.23445184528827667, -0.45584994554519653, -0.0013132077874615788, -0.5116108655929565, 0.5556988716125488, 0.47458043694496155, -1.3866722583770752, 1.6229392290115356, 0.1719702035188675, 0.988463282585144, 0.5065655708312988, 1.0198405981063843, -1.9062488079071045, -0.42753297090530396, -2.1258766651153564, 0.9604060649871826, 1.2481971979141235, 0.2534126937389374, 2.81878399848938, -0.33982959389686584, 0.7031070590019226, 0.40716081857681274, -0.19018201529979706, -0.6965201497077942, 1.703926920890808, 0.742035448551178, 0.9737022519111633, 0.30027997493743896, -0.28971123695373535, -0.31565725803375244, -0.878982424736023, 0.10660803318023682, 1.8598307371139526, 0.05575166642665863, 1.2814979553222656, -0.6318161487579346, -1.246392011642456, 0.6830465197563171, -0.3945547640323639, 0.014387708157300949, 0.5721626281738281, 0.8672562837600708, 0.631492018699646, -1.2230440378189087, -0.21286392211914062, 0.5095030069351196, 0.3271303176879883, 1.9660793542861938, -0.24091431498527527, -0.7951505184173584, 0.2719773054122925, -1.1100248098373413, -0.45284605026245117, -0.4957810044288635, 1.2647724151611328, 1.4624544382095337, 1.119904637336731, 0.9953904151916504, -1.2353113889694214, 0.7381800413131714, 0.8141525983810425, -0.738063633441925, 0.567144513130188, -1.46007239818573, -0.2478037029504776, 0.8828239440917969, -0.08100391179323196, -0.9529945850372314, -0.4883781969547272, -0.7371233701705933, 0.7060908675193787, -0.1929508000612259, 1.2347642183303833, 0.3330754041671753, 1.328259825706482, -1.0921270847320557, -0.8395169973373413, 0.19097915291786194, -0.7174965143203735, -0.38667669892311096, -1.2541816234588623, 1.206780195236206, -1.7102421522140503, -0.47700679302215576, -1.052660346031189, -0.14367036521434784, -0.2773723900318146, 1.1634039878845215, -0.6690982580184937, 0.6491793990135193, 0.5824344158172607, 1.9263932704925537, -0.3784555196762085, 0.007957705296576023, 0.5106770992279053, 0.7592651844024658, -1.6086313724517822, -0.16065196692943573, 1.3783751726150513, -0.27803653478622437, 0.20709708333015442, 1.0032601356506348, -0.597723662853241, -0.39770567417144775, -1.2801213264465332, 0.09244456887245178, 0.10526478290557861, -0.3907223045825958, 0.031722817569971085, -0.5475257039070129, 0.8182698488235474, -0.8162779211997986, -0.39242666959762573, -0.7452054619789124, -0.9464942812919617, -0.1594141125679016, -0.19336439669132233, -0.3765956163406372, -0.04915774613618851, 0.09386590868234634, -0.6453335881233215, 1.2107977867126465, -0.7819821834564209, 0.38448527455329895]}