{"shape": [1, 200], "data": [-2.0704636573791504, -0.9859631061553955, 0.03212256729602814, 1.9678773880004883, -0.14864158630371094, 0.9788134694099426, -0.3514842689037323, -1.0125799179077148, -0.8775776028633118, 0.8043980598449707, 1.2247507572174072, -0.7079716324806213, 0.14367274940013885, 2.2885613441467285, 1.1220331192016602, -0.18222437798976898, -0.15387427806854248, -1.1546859741210938, -1.4097756147384644, 1.189675211906433, -0.4227447211742401, 1.2084898948669434, 0.6531090140342712, -0.3381667733192444, 1.2731729745864868, 1.4809616804122925, 1.1152701377868652, -0.11543188989162445, 0.8132458329200745, -0.7410956025123596, 0.2077830731868744, 0.23032301664352417, 0.42633846402168274, -1.5452055931091309, -0.9454129338264465, -0.9093910455703735, -0.36922216415405273, 0.14301390945911407, 1.0620536804199219, 1.5949292182922363, -0.0468718521296978, -0.4184325337409973, 1.3012486696243286, -1.8453333377838135, -0.35152557492256165, -0.43061456084251404, 0.03578567132353783, -1.0245014429092407, 0.8731839656829834, -1.2807856798171997, -0.3654491901397705, -0.9221362471580505, -0.9590191841125488, 0.41448816657066345, -0.9840542078018188, -0.24361710250377655, 1.2110004425048828, 1.2867810726165771, 0.7162692546844482, 1.6830796003341675, 0.042002856731414795, -0.9180684685707092, -0.5576449632644653, -0.6978939175605774, 0.2516961693763733, -0.5281932353973389, 0.6851141452789307, -0.27623251080513, 0.6756979823112488, -0.10577193647623062, 1.0515114068984985, -1.3378746509552002, 0.11863823235034943, -0.5300424695014954, 0.07706673443317413, -1.0999878644943237, 0.17150814831256866, -0.4509272575378418, 0.02892194129526615, -0.19723659753799438, 1.2722715139389038, 0.08613698929548264, -1.7036510705947876, -0.03748498857021332, 0.2756001353263855, -0.2625517249107361, 0.39931365847587585, -0.19695349037647247, -1.2899240255355835, 0.6199979782104492, 2.1286604404449463, 0.9751921892166138, 0.28824594616889954, -0.25219184160232544, 0.96076500415802, -0.6834419369697571, -0.7115420699119568, -0.8633403182029724, 0.23946379125118256, -2.839179039001465, -0.21991638839244843, 0.9078301191329956, -0.0686650425195694, 1.9234635829925537, 1.0784916877746582, 2.6284561157226562, -1.8466873168945312, -0.9865627884864807, 1.9641478061676025, -1.9937317371368408, 0.9653881192207336, 0.4336015284061432, 0.9796942472457886, -1.1946985721588135, 0.9899058938026428, -1.659302830696106, 0.09641622006893158, 0.5479996800422668, -1.677019476890564, -1.092279314994812, 0.618103563785553, -0.05023413896560669, -0.6701115965843201, 1.6990615129470825, -0.17047294974327087, -0.841547966003418, -0.24554899334907532, -0.8508386611938477, -0.4476163983345032, 0.21367408335208893, -0.31191039085388184, -0.04090249538421631, -0.6381316184997559, -0.17707806825637817, 1.8937699794769287, 0.4485393464565277, 0.3465205729007721, -0.47058725357055664, 0.5921720266342163, -0.6766966581344604, -1.7564834356307983, -1.1173162460327148, -1.1631474494934082, -2.100975751876831, 1.0832459926605225, -0.8473730087280273, -0.5742049217224121, 2.2467257976531982, -0.24249079823493958, 0.9446818828582764, 0.17126603424549103, -0.1568722426891327, -1.912213683128357, 0.5803057551383972, 0.7614110112190247, -0.8251919150352478, 1.2223150730133057, -0.0866578221321106, 0.18618211150169373, -0.7550662755966187, 2.0444159507751465, 0.23962320387363434, -1.4920696020126343, 0.531319260597229, 0.8681632876396179, 0.7268648147583008, 1.2205647230148315, 0.7936658263206482, 0.35465940833091736, -0.7616128921508789, 0.49878817796707153, 0.3572254478931427, -0.11707241833209991, -0.9430463910102844, 0.6465049982070923, -0.6936981678009033, 3.3714704513549805, -0.8634629845619202, 0.6228163242340088, -1.0213602781295776, 1.3811545372009277, -0.728112518787384, -1.0282363891601562, 0.7540144920349121, 0.5894933342933655, 0.9577163457870483, 0.7062502503395081, -0.9797568917274475, -0.5547504425048828, -1.074957251548767, -1.3799283504486084, 0.6060267090797424, 1.6270167827606201, 0.7891387939453125, 0.28836753964424133, -0.8174278736114502, 0.02726033329963684, 0.30390098690986633, -1.2483158111572266, 0.5486917495727539]}