{"shape": [1, 27], "data": [0.13731364905834198, 1.2041877508163452, 1.9441583156585693, 0.30936285853385925, 2.019181251525879, 0.008597055450081825, -0.8007318377494812, 0.6119608283042908, 1.789738416671753, -0.6736906170845032, -1.2737611532211304, -1.128475308418274, 0.2866993844509125, 0.1687377542257309, 1.123108983039856, 0.6549684405326843, -2.7028048038482666, 1.2879042625427246, 0.009431934915482998, -0.6419469714164734, 1.3549457788467407, -1.9539179801940918, 1.1203961372375488, 0.023704156279563904, 0.8101799488067627, -0.79859858751297, -0.2513209283351898]}