{"data": [0.6553500890731812, -0.9524102807044983, -0.28236764669418335, 1.4239068031311035, -1.7644256353378296, -1.4027190208435059, 0.17747284471988678, 0.7741606831550598, -1.0762460231781006, 0.39529699087142944, 0.10165512561798096, 0.5887088775634766, 0.9897605776786804, -0.43960240483283997, 0.42898663878440857, -0.4913828372955322, 2.642697811126709, 1.1716099977493286, -0.1792488992214203, -0.8400498628616333, -0.9447303414344788, 0.9816269874572754, -0.15779687464237213, -0.34383338689804077, -1.4714620113372803, -1.0330257415771484, 1.2502636909484863], "shape": [27]}